soil_record_id,project_id,year,land_treated_hectares,soil_saved_tons,erosion_reduction_percent,soil_moisture_percent,remarks
SM001,P001,2020,17.9,120.6,19.9,18.3,field register measurement verified
SM002,P002,2021,10.7,70.1,20.1,22.1,field register measurement verified
SM003,P003,2019,21.6,156.9,11.4,16.4,field register measurement verified
SM004,P004,2022,16.1,118.0,25.0,22.9,field register measurement verified
SM005,P005,2021,7.9,59.1,23.7,21.7,field register measurement verified
SM006,P006,2023,25.6,159.2,34.5,25.2,field register measurement verified
SM007,P007,2022,11.3,78.0,26.3,25.4,field register measurement verified
SM008,P008,2020,20.6,149.4,19.8,19.6,field register measurement verified
SM009,P009,2023,18.8,120.7,28.9,24.9,field register measurement verified
SM010,P010,2021,9.8,62.1,21.9,22.5,field register measurement verified
SM011,P001,2020,6.6,42.3,20.9,20.9,field register measurement verified
SM012,P001,2021,6.4,50.0,23.4,23.7,field register measurement verified
SM013,P001,2022,10.3,62.4,31.0,22.5,field register measurement verified
SM014,P001,2023,11.7,86.3,29.6,26.1,field register measurement verified
SM015,P001,2024,12.5,98.0,38.3,28.4,field register measurement verified
SM016,P002,2021,6.6,34.3,24.6,22.5,field register measurement verified
SM017,P002,2022,7.0,45.1,30.0,26.0,field register measurement verified
SM018,P002,2023,7.9,57.4,28.9,26.9,field register measurement verified
SM019,P002,2024,11.2,82.2,38.7,27.2,field register measurement verified
SM020,P003,2019,3.6,29.5,11.1,17.9,field register measurement verified
SM021,P003,2020,4.1,27.8,15.7,21.2,field register measurement verified
SM022,P003,2021,4.9,36.6,22.4,23.7,field register measurement verified
SM023,P003,2022,7.0,55.3,27.9,25.7,field register measurement verified
SM024,P003,2023,9.9,67.6,30.4,25.7,field register measurement verified
SM025,P003,2024,11.6,88.6,39.6,26.6,field register measurement verified
SM026,P004,2022,6.6,47.3,25.7,24.0,field register measurement verified
SM027,P004,2023,9.3,58.0,28.5,25.8,field register measurement verified
SM028,P004,2024,10.8,77.8,39.6,28.9,field register measurement verified
SM029,P005,2021,4.1,29.4,24.4,20.2,field register measurement verified
SM030,P005,2022,6.6,41.5,30.2,25.4,field register measurement verified
SM031,P005,2023,6.4,43.9,29.2,26.7,field register measurement verified
SM032,P005,2024,7.6,53.2,34.4,26.7,field register measurement verified
SM033,P006,2023,11.5,74.4,28.5,24.6,field register measurement verified
SM034,P006,2024,12.7,93.1,33.1,29.7,field register measurement verified
SM035,P007,2022,7.7,44.7,25.9,23.5,field register measurement verified
SM036,P007,2023,7.5,47.3,34.4,28.2,field register measurement verified
SM037,P007,2024,10.6,73.2,33.5,26.4,field register measurement verified
SM038,P008,2020,5.4,35.6,21.1,18.7,field register measurement verified
SM039,P008,2021,4.4,46.9,23.4,20.6,field register measurement verified
SM040,P008,2022,7.5,42.3,27.8,26.1,field register measurement verified
SM041,P008,2023,11.4,74.4,30.3,25.5,field register measurement verified
SM042,P008,2024,10.4,82.9,36.6,29.3,field register measurement verified
SM043,P009,2023,8.3,55.2,34.2,28.1,field register measurement verified
SM044,P009,2024,12.4,83.5,38.6,29.1,field register measurement verified
SM045,P010,2021,4.5,36.5,22.2,20.1,field register measurement verified
SM046,P010,2022,3.4,28.7,25.9,24.9,field register measurement verified
SM047,P010,2023,7.6,41.7,35.1,28.1,field register measurement verified
SM048,P010,2024,9.6,54.5,34.4,27.0,field register measurement verified
SM049,P011,2018,3.4,23.9,10.9,17.8,field register measurement verified
SM050,P011,2019,6.9,39.9,15.5,19.4,field register measurement verified
SM051,P011,2020,5.5,48.7,21.7,21.3,field register measurement verified
SM052,P011,2021,8.8,54.5,20.9,23.3,field register measurement verified
SM053,P011,2022,8.1,64.1,30.9,23.7,field register measurement verified
SM054,P011,2023,10.5,81.6,33.6,24.7,field register measurement verified
SM055,P011,2024,12.9,89.8,39.2,29.4,field register measurement verified
SM056,P012,2018,2.0,25.7,13.4,16.8,field register measurement verified
SM057,P012,2019,3.0,23.7,11.8,16.1,field register measurement verified
SM058,P012,2020,5.5,30.7,19.0,21.9,field register measurement verified
SM059,P012,2021,5.3,43.5,25.5,20.9,field register measurement verified
SM060,P012,2022,6.6,46.3,25.8,24.5,field register measurement verified
SM061,P012,2023,6.8,50.1,29.4,27.8,field register measurement verified
SM062,P012,2024,10.3,73.1,37.0,29.8,field register measurement verified
SM063,P013,2019,4.4,38.7,14.4,18.2,field register measurement verified
SM064,P013,2020,5.4,28.4,18.4,18.8,field register measurement verified
SM065,P013,2021,4.4,45.1,20.9,22.0,field register measurement verified
SM066,P013,2022,7.7,49.4,26.4,24.2,field register measurement verified
SM067,P013,2023,9.2,66.5,29.2,26.4,field register measurement verified
SM068,P013,2024,11.3,78.4,38.3,28.1,field register measurement verified
SM069,P014,2019,4.9,36.3,17.3,17.9,field register measurement verified
SM070,P014,2020,7.0,45.8,18.9,20.9,field register measurement verified
SM071,P014,2021,7.3,51.7,23.0,24.0,field register measurement verified
SM072,P014,2022,9.6,68.1,30.7,23.1,field register measurement verified
SM073,P014,2023,12.1,89.5,34.4,24.6,field register measurement verified
SM074,P014,2024,13.6,100.1,33.4,27.0,field register measurement verified
SM075,P015,2020,3.9,37.9,20.8,21.8,field register measurement verified
SM076,P015,2021,4.1,38.1,24.3,20.6,field register measurement verified
SM077,P015,2022,7.1,49.0,25.6,26.0,field register measurement verified
SM078,P015,2023,8.2,57.7,35.4,27.5,field register measurement verified
SM079,P015,2024,9.8,72.6,36.5,27.4,field register measurement verified
SM080,P016,2020,4.4,32.6,20.4,18.1,field register measurement verified
SM081,P016,2021,5.9,38.1,19.8,21.4,field register measurement verified
SM082,P016,2022,7.8,51.0,24.6,26.1,field register measurement verified
SM083,P016,2023,9.6,67.9,29.2,25.1,field register measurement verified
SM084,P016,2024,8.8,73.9,34.8,26.5,field register measurement verified
SM085,P017,2021,7.3,58.1,25.4,21.1,field register measurement verified
SM086,P017,2022,8.2,70.4,28.1,24.9,field register measurement verified
SM087,P017,2023,10.4,72.2,33.3,25.8,field register measurement verified
SM088,P017,2024,12.4,100.9,37.3,29.4,field register measurement verified
SM089,P018,2021,4.7,46.3,20.2,23.6,field register measurement verified
SM090,P018,2022,7.0,46.3,28.0,25.9,field register measurement verified
SM091,P018,2023,7.6,50.5,32.2,25.0,field register measurement verified
SM092,P018,2024,8.5,60.2,33.3,26.8,field register measurement verified
SM093,P019,2022,6.1,42.0,29.4,23.2,field register measurement verified
SM094,P019,2023,8.5,52.6,30.9,24.1,field register measurement verified
SM095,P019,2024,11.4,74.7,38.0,28.3,field register measurement verified
SM096,P020,2022,8.4,63.1,30.6,22.4,field register measurement verified
SM097,P020,2023,13.6,85.9,32.0,27.5,field register measurement verified
SM098,P020,2024,13.3,93.2,37.7,30.1,field register measurement verified
SM099,P021,2022,6.3,51.8,29.0,24.7,field register measurement verified
SM100,P021,2023,8.1,54.8,28.9,24.5,field register measurement verified
SM101,P021,2024,8.3,69.2,34.7,26.7,field register measurement verified
SM102,P022,2022,5.0,48.4,30.2,24.8,field register measurement verified
SM103,P022,2023,7.5,51.2,30.6,25.9,field register measurement verified
SM104,P022,2024,10.2,75.7,34.7,30.0,field register measurement verified
SM105,P023,2023,12.9,80.2,30.2,28.1,field register measurement verified
SM106,P023,2024,13.5,94.0,32.9,27.6,field register measurement verified
SM107,P024,2023,8.6,59.7,29.9,26.1,field register measurement verified
SM108,P024,2024,8.1,61.6,33.5,27.7,field register measurement verified
SM109,P025,2023,7.3,50.7,30.6,25.0,field register measurement verified
SM110,P025,2024,10.1,68.1,38.2,28.8,field register measurement verified
SM111,P026,2023,13.4,93.8,31.2,25.4,field register measurement verified
SM112,P026,2024,15.8,93.1,38.0,28.7,field register measurement verified
SM113,P027,2023,7.7,67.3,34.7,26.6,field register measurement verified
SM114,P027,2024,10.5,72.7,33.9,28.2,field register measurement verified
SM115,P028,2024,11.5,84.2,38.5,29.5,field register measurement verified
SM116,P029,2024,15.0,107.7,37.7,28.9,field register measurement verified
SM117,P030,2024,9.5,62.6,33.8,27.5,field register measurement verified
SM118,P031,2024,10.8,87.9,36.8,28.6,field register measurement verified
SM119,P032,2024,15.6,107.5,36.3,26.0,field register measurement verified
SM120,P033,2024,10.7,71.6,36.4,28.2,field register measurement verified
SM121,P034,2024,11.1,65.5,38.1,27.1,field register measurement verified
SM122,P017,2024,12.7,91.4,38.0,26.9,field register measurement verified
SM123,P006,2024,15.9,112.8,36.4,27.6,field register measurement verified
SM124,P009,2024,9.9,71.3,38.3,28.6,field register measurement verified
SM125,P028,2024,10.4,61.6,33.9,27.1,field register measurement verified
SM126,P010,2021,5.9,31.8,23.7,20.1,field register measurement verified
SM127,P028,2024,8.6,63.7,37.6,28.9,field register measurement verified
SM128,P003,2021,6.2,35.4,23.3,22.0,field register measurement verified
SM129,P023,2024,15.5,100.6,39.2,26.8,field register measurement verified
SM130,P011,2024,16.6,111.8,33.0,27.9,field register measurement verified
SM131,P012,2023,10.1,70.9,31.6,25.1,field register measurement verified
SM132,P016,2022,5.5,50.8,25.6,24.4,field register measurement verified
SM133,P003,2022,6.1,49.3,30.8,22.6,field register measurement verified
SM134,P023,2024,16.1,104.5,39.1,29.0,field register measurement verified
SM135,P002,2022,5.7,51.0,27.5,22.1,field register measurement verified
SM136,P018,2023,7.2,59.2,31.7,25.3,field register measurement verified
SM137,P022,2022,5.2,39.9,26.3,25.5,field register measurement verified
SM138,P017,2021,5.4,50.7,25.6,20.5,field register measurement verified
SM139,P021,2023,9.8,62.4,34.8,25.2,field register measurement verified
SM140,P013,2021,4.5,31.0,26.7,22.5,field register measurement verified
SM141,P013,2021,5.3,37.5,21.6,20.2,field register measurement verified
SM142,P021,2024,9.8,80.9,34.9,29.9,field register measurement verified
SM143,P033,2024,9.9,68.6,36.5,26.8,field register measurement verified
SM144,P019,2024,9.7,76.9,39.1,29.4,field register measurement verified
SM145,P012,2022,7.2,53.4,30.7,24.3,field register measurement verified
SM146,P001,2022,9.6,53.4,29.2,23.9,field register measurement verified
SM147,P021,2023,9.0,59.0,30.5,24.2,field register measurement verified
SM148,P031,2024,12.7,72.1,36.2,27.4,field register measurement verified
SM149,P022,2022,7.3,58.3,30.9,23.1,field register measurement verified
SM150,P020,2022,10.5,65.3,28.0,23.7,field register measurement verified
SM151,P016,2023,8.4,58.0,30.0,27.8,field register measurement verified
SM152,P027,2023,8.8,55.4,34.8,28.2,field register measurement verified
SM153,P016,2021,6.1,36.2,21.0,20.4,field register measurement verified
SM154,P007,2023,7.4,46.5,30.2,25.1,field register measurement verified
SM155,P034,2024,10.1,74.2,38.1,27.7,field register measurement verified
SM156,P008,2023,8.7,61.8,31.1,25.4,field register measurement verified
SM157,P021,2023,7.3,55.0,35.3,24.5,field register measurement verified
SM158,P028,2024,12.1,85.1,38.9,26.9,field register measurement verified
SM159,P029,2024,14.4,99.1,35.7,27.9,field register measurement verified
SM160,P034,2024,12.7,84.0,39.0,26.1,field register measurement verified
SM161,P019,2022,5.3,48.9,30.4,24.0,field register measurement verified
SM162,P006,2023,11.3,67.1,31.2,27.9,field register measurement verified
SM163,P014,2019,6.0,40.3,17.7,17.0,field register measurement verified
SM164,P027,2023,6.7,47.6,32.2,26.9,field register measurement verified
SM165,P002,2024,11.5,73.8,37.4,29.2,field register measurement verified
SM166,P025,2024,11.0,77.1,33.2,29.3,field register measurement verified
SM167,P015,2023,7.0,60.6,33.0,25.3,field register measurement verified
SM168,P025,2024,10.4,74.6,37.4,28.9,field register measurement verified
SM169,P011,2024,13.3,91.4,36.6,28.4,field register measurement verified
SM170,P002,2024,10.1,67.0,37.1,26.0,field register measurement verified
